[Header],,,,,,,,,,,,,,,
IEMFileVersion,4,,,,,,,,,,,,,,
Investigator Name,DNA Core,,,,,,,,,,,,,,
Experiment Name,HVNH5BGXY,,,,,,,,,,,,,,
Date,11/21/2016,,,,,,,,,,,,,,
Workflow,GenerateFASTQ,,,,,,,,,,,,,,
Application,NextSeq FASTQ Only,,,,,,,,,,,,,,
Assay,TruSeq LT,,,,,,,,,,,,,,
Description,Illumina NextSeq 500,,,,,,,,,,,,,,
Chemistry,Default,,,,,,,,,,,,,,
,,,,,,,,,,,,,,,
[Reads],,,,,,,,,,,,,,,
76,,,,,,,,,,,,,,,
,,,,,,,,,,,,,,,
,,,,,,,,,,,,,,,
[Settings],,,,,,,,,,,,,,,
Adapter,AGATCGGAAGAGCACACGTCTGAACTCCAGTCA,,,,,,,,,,,,,,
AdapterRead2,AGATCGGAAGAGCGTCGTGTAGGGAAAGAGTGT,,,,,,,,,,,,,,
,,,,,,,,,,,,,,,
[Data],,,,,,,,,,,,,,,
Lane,SampleID,Sample_Name,I7_Index_ID,index,I5_Index_ID,index2,Sample_Project,Description,Researcher,Pool,Fragment_Size,Contact1,Contact2,Contact3,Contact4
,C-1_B,C-1_B,D701,ATTACTCG,D502,GCCTCTAT,KingE_01_SOL,ruSeq Stranded mRNA (RS-122-2101_2),Elizabeth King,,385,kingeg@missouri.edu,ngomae@missouri.edu,,
,C-1_H,C-1_H,D701,ATTACTCG,D501,AGGCTATA,KingE_01_SOL,ruSeq Stranded mRNA (RS-122-2101_2),Elizabeth King,,391,kingeg@missouri.edu,ngomae@missouri.edu,,
,C-1_O,C-1_O,D701,ATTACTCG,D503,AGGATAGG,KingE_01_SOL,ruSeq Stranded mRNA (RS-122-2101_2),Elizabeth King,,388,kingeg@missouri.edu,ngomae@missouri.edu,,
,C-2_B,C-2_B,D702,TCCGGAGA,D503,AGGATAGG,KingE_01_SOL,ruSeq Stranded mRNA (RS-122-2101_2),Elizabeth King,,393,kingeg@missouri.edu,ngomae@missouri.edu,,
,C-2_H,C-2_H,D702,TCCGGAGA,D502,GCCTCTAT,KingE_01_SOL,ruSeq Stranded mRNA (RS-122-2101_2),Elizabeth King,,396,kingeg@missouri.edu,ngomae@missouri.edu,,
,C-2_O,C-2_O,D702,TCCGGAGA,D504,TCAGAGCC,KingE_01_SOL,ruSeq Stranded mRNA (RS-122-2101_2),Elizabeth King,,412,kingeg@missouri.edu,ngomae@missouri.edu,,
,C-3_B,C-3_B,D703,CGCTCATT,D504,TCAGAGCC,KingE_01_SOL,ruSeq Stranded mRNA (RS-122-2101_2),Elizabeth King,,397,kingeg@missouri.edu,ngomae@missouri.edu,,
,C-3_H,C-3_H,D703,CGCTCATT,D503,AGGATAGG,KingE_01_SOL,ruSeq Stranded mRNA (RS-122-2101_2),Elizabeth King,,405,kingeg@missouri.edu,ngomae@missouri.edu,,
,C-3_O,C-3_O,D703,CGCTCATT,D505,CTTCGCCT,KingE_01_SOL,ruSeq Stranded mRNA (RS-122-2101_2),Elizabeth King,,399,kingeg@missouri.edu,ngomae@missouri.edu,,
,C-4_B,C-4_B,D704,GAGATTCC,D505,CTTCGCCT,KingE_01_SOL,ruSeq Stranded mRNA (RS-122-2101_2),Elizabeth King,,393,kingeg@missouri.edu,ngomae@missouri.edu,,
,C-4_H,C-4_H,D704,GAGATTCC,D504,TCAGAGCC,KingE_01_SOL,ruSeq Stranded mRNA (RS-122-2101_2),Elizabeth King,,394,kingeg@missouri.edu,ngomae@missouri.edu,,
,C-4_O,C-4_O,D704,GAGATTCC,D506,TAAGATTA,KingE_01_SOL,ruSeq Stranded mRNA (RS-122-2101_2),Elizabeth King,,391,kingeg@missouri.edu,ngomae@missouri.edu,,
,C-5_B,C-5_B,D705,ATTCAGAA,D506,TAAGATTA,KingE_01_SOL,ruSeq Stranded mRNA (RS-122-2101_2),Elizabeth King,,376,kingeg@missouri.edu,ngomae@missouri.edu,,
,C-5_H,C-5_H,D705,ATTCAGAA,D505,CTTCGCCT,KingE_01_SOL,ruSeq Stranded mRNA (RS-122-2101_2),Elizabeth King,,378,kingeg@missouri.edu,ngomae@missouri.edu,,
,C-5_O,C-5_O,D705,ATTCAGAA,D507,ACGTCCTG,KingE_01_SOL,ruSeq Stranded mRNA (RS-122-2101_2),Elizabeth King,,384,kingeg@missouri.edu,ngomae@missouri.edu,,
,C-6_B,C-6_B,D706,GAATTCGT,D507,ACGTCCTG,KingE_01_SOL,ruSeq Stranded mRNA (RS-122-2101_2),Elizabeth King,,380,kingeg@missouri.edu,ngomae@missouri.edu,,
,C-6_H,C-6_H,D706,GAATTCGT,D506,TAAGATTA,KingE_01_SOL,ruSeq Stranded mRNA (RS-122-2101_2),Elizabeth King,,409,kingeg@missouri.edu,ngomae@missouri.edu,,
,C-6_O,C-6_O,D706,GAATTCGT,D508,GTCAGTAC,KingE_01_SOL,ruSeq Stranded mRNA (RS-122-2101_2),Elizabeth King,,380,kingeg@missouri.edu,ngomae@missouri.edu,,
,DR-1_B,DR-1_B,D701,ATTACTCG,D505,CTTCGCCT,KingE_01_SOL,ruSeq Stranded mRNA (RS-122-2101_2),Elizabeth King,,381,kingeg@missouri.edu,ngomae@missouri.edu,,
,DR-1_H,DR-1_H,D701,ATTACTCG,D504,TCAGAGCC,KingE_01_SOL,ruSeq Stranded mRNA (RS-122-2101_2),Elizabeth King,,386,kingeg@missouri.edu,ngomae@missouri.edu,,
,DR-1_O,DR-1_O,D701,ATTACTCG,D506,TAAGATTA,KingE_01_SOL,ruSeq Stranded mRNA (RS-122-2101_2),Elizabeth King,,396,kingeg@missouri.edu,ngomae@missouri.edu,,
,DR-2_B,DR-2_B,D702,TCCGGAGA,D506,TAAGATTA,KingE_01_SOL,ruSeq Stranded mRNA (RS-122-2101_2),Elizabeth King,,419,kingeg@missouri.edu,ngomae@missouri.edu,,
,DR-2_H,DR-2_H,D702,TCCGGAGA,D505,CTTCGCCT,KingE_01_SOL,ruSeq Stranded mRNA (RS-122-2101_2),Elizabeth King,,410,kingeg@missouri.edu,ngomae@missouri.edu,,
,DR-2_O,DR-2_O,D702,TCCGGAGA,D507,ACGTCCTG,KingE_01_SOL,ruSeq Stranded mRNA (RS-122-2101_2),Elizabeth King,,401,kingeg@missouri.edu,ngomae@missouri.edu,,
,DR-3_B,DR-3_B,D703,CGCTCATT,D507,ACGTCCTG,KingE_01_SOL,ruSeq Stranded mRNA (RS-122-2101_2),Elizabeth King,,384,kingeg@missouri.edu,ngomae@missouri.edu,,
,DR-3_H,DR-3_H,D703,CGCTCATT,D506,TAAGATTA,KingE_01_SOL,ruSeq Stranded mRNA (RS-122-2101_2),Elizabeth King,,393,kingeg@missouri.edu,ngomae@missouri.edu,,
,DR-3_O,DR-3_O,D703,CGCTCATT,D508,GTCAGTAC,KingE_01_SOL,ruSeq Stranded mRNA (RS-122-2101_2),Elizabeth King,,388,kingeg@missouri.edu,ngomae@missouri.edu,,
,DR-4_B,DR-4_B,D704,GAGATTCC,D508,GTCAGTAC,KingE_01_SOL,ruSeq Stranded mRNA (RS-122-2101_2),Elizabeth King,,389,kingeg@missouri.edu,ngomae@missouri.edu,,
,DR-4_H,DR-4_H,D704,GAGATTCC,D507,ACGTCCTG,KingE_01_SOL,ruSeq Stranded mRNA (RS-122-2101_2),Elizabeth King,,383,kingeg@missouri.edu,ngomae@missouri.edu,,
,DR-4_O,DR-4_O,D705,ATTCAGAA,D501,AGGCTATA,KingE_01_SOL,ruSeq Stranded mRNA (RS-122-2101_2),Elizabeth King,,392,kingeg@missouri.edu,ngomae@missouri.edu,,
,DR-5_B,DR-5_B,D706,GAATTCGT,D501,AGGCTATA,KingE_01_SOL,ruSeq Stranded mRNA (RS-122-2101_2),Elizabeth King,,374,kingeg@missouri.edu,ngomae@missouri.edu,,
,DR-5_H,DR-5_H,D705,ATTCAGAA,D508,GTCAGTAC,KingE_01_SOL,ruSeq Stranded mRNA (RS-122-2101_2),Elizabeth King,,383,kingeg@missouri.edu,ngomae@missouri.edu,,
,DR-5_O,DR-5_O,D706,GAATTCGT,D502,GCCTCTAT,KingE_01_SOL,ruSeq Stranded mRNA (RS-122-2101_2),Elizabeth King,,384,kingeg@missouri.edu,ngomae@missouri.edu,,
,DR-6_B,DR-6_B,D707,CTGAAGCT,D502,GCCTCTAT,KingE_01_SOL,ruSeq Stranded mRNA (RS-122-2101_2),Elizabeth King,,398,kingeg@missouri.edu,ngomae@missouri.edu,,
,DR-6_H,DR-6_H,D707,CTGAAGCT,D501,AGGCTATA,KingE_01_SOL,ruSeq Stranded mRNA (RS-122-2101_2),Elizabeth King,,394,kingeg@missouri.edu,ngomae@missouri.edu,,
,DR-6_O,DR-6_O,D707,CTGAAGCT,D503,AGGATAGG,KingE_01_SOL,ruSeq Stranded mRNA (RS-122-2101_2),Elizabeth King,,396,kingeg@missouri.edu,ngomae@missouri.edu,,
,HS-1_B,HS-1_B,D701,ATTACTCG,D508,GTCAGTAC,KingE_01_SOL,ruSeq Stranded mRNA (RS-122-2101_2),Elizabeth King,,382,kingeg@missouri.edu,ngomae@missouri.edu,,
,HS-1_H,HS-1_H,D701,ATTACTCG,D507,ACGTCCTG,KingE_01_SOL,ruSeq Stranded mRNA (RS-122-2101_2),Elizabeth King,,385,kingeg@missouri.edu,ngomae@missouri.edu,,
,HS-1_O,HS-1_O,D702,TCCGGAGA,D501,AGGCTATA,KingE_01_SOL,ruSeq Stranded mRNA (RS-122-2101_2),Elizabeth King,,394,kingeg@missouri.edu,ngomae@missouri.edu,,
,HS-2_B,HS-2_B,D703,CGCTCATT,D501,AGGCTATA,KingE_01_SOL,ruSeq Stranded mRNA (RS-122-2101_2),Elizabeth King,,417,kingeg@missouri.edu,ngomae@missouri.edu,,
,HS-2_H,HS-2_H,D702,TCCGGAGA,D508,GTCAGTAC,KingE_01_SOL,ruSeq Stranded mRNA (RS-122-2101_2),Elizabeth King,,397,kingeg@missouri.edu,ngomae@missouri.edu,,
,HS-2_O,HS-2_O,D703,CGCTCATT,D502,GCCTCTAT,KingE_01_SOL,ruSeq Stranded mRNA (RS-122-2101_2),Elizabeth King,,402,kingeg@missouri.edu,ngomae@missouri.edu,,
,HS-3_B,HS-3_B,D704,GAGATTCC,D502,GCCTCTAT,KingE_01_SOL,ruSeq Stranded mRNA (RS-122-2101_2),Elizabeth King,,385,kingeg@missouri.edu,ngomae@missouri.edu,,
,HS-3_H,HS-3_H,D704,GAGATTCC,D501,AGGCTATA,KingE_01_SOL,ruSeq Stranded mRNA (RS-122-2101_2),Elizabeth King,,377,kingeg@missouri.edu,ngomae@missouri.edu,,
,HS-3_O,HS-3_O,D704,GAGATTCC,D503,AGGATAGG,KingE_01_SOL,ruSeq Stranded mRNA (RS-122-2101_2),Elizabeth King,,383,kingeg@missouri.edu,ngomae@missouri.edu,,
,HS-4_B,HS-4_B,D705,ATTCAGAA,D503,AGGATAGG,KingE_01_SOL,ruSeq Stranded mRNA (RS-122-2101_2),Elizabeth King,,390,kingeg@missouri.edu,ngomae@missouri.edu,,
,HS-4_H,HS-4_H,D705,ATTCAGAA,D502,GCCTCTAT,KingE_01_SOL,ruSeq Stranded mRNA (RS-122-2101_2),Elizabeth King,,387,kingeg@missouri.edu,ngomae@missouri.edu,,
,HS-4_O,HS-4_O,D705,ATTCAGAA,D504,TCAGAGCC,KingE_01_SOL,ruSeq Stranded mRNA (RS-122-2101_2),Elizabeth King,,387,kingeg@missouri.edu,ngomae@missouri.edu,,
,HS-5_B,HS-5_B,D706,GAATTCGT,D504,TCAGAGCC,KingE_01_SOL,ruSeq Stranded mRNA (RS-122-2101_2),Elizabeth King,,387,kingeg@missouri.edu,ngomae@missouri.edu,,
,HS-5_H,HS-5_H,D706,GAATTCGT,D503,AGGATAGG,KingE_01_SOL,ruSeq Stranded mRNA (RS-122-2101_2),Elizabeth King,,398,kingeg@missouri.edu,ngomae@missouri.edu,,
,HS-5_O,HS-5_O,D706,GAATTCGT,D505,CTTCGCCT,KingE_01_SOL,ruSeq Stranded mRNA (RS-122-2101_2),Elizabeth King,,397,kingeg@missouri.edu,ngomae@missouri.edu,,
,HS-6_B,HS-6_B,D707,CTGAAGCT,D505,CTTCGCCT,KingE_01_SOL,ruSeq Stranded mRNA (RS-122-2101_2),Elizabeth King,,389,kingeg@missouri.edu,ngomae@missouri.edu,,
,HS-6_H,HS-6_H,D707,CTGAAGCT,D504,TCAGAGCC,KingE_01_SOL,ruSeq Stranded mRNA (RS-122-2101_2),Elizabeth King,,391,kingeg@missouri.edu,ngomae@missouri.edu,,
,HS-6_O,HS-6_O,D707,CTGAAGCT,D506,TAAGATTA,KingE_01_SOL,ruSeq Stranded mRNA (RS-122-2101_2),Elizabeth King,,398,kingeg@missouri.edu,ngomae@missouri.edu,,
