"module","modSize","bkgrModSize","rank","enrichmentP","BonferoniP","nModGenesInTerm","fracOfBkgrModSize","fracOfBkgrTermSize","bkgrTermSize","termID","termOntology","termName","termDefinition"
"black",2722,2223,1,6.53997441269859e-05,0.548246055016523,8,0.0035987404408457,0.888888888888889,9,"GO:0022821","MF","potassium ion antiporter activity","Catalysis of the active transport of a potassium ion across a membrane by a mechanism whereby two or more species are transported in opposite directions in a tightly coupled process not directly linked to a form of energy other than chemiosmotic energy."
"black",2722,2223,2,0.00154815363522272,1,18,0.00809716599190283,0.461538461538462,39,"GO:0030155","BP","regulation of cell adhesion","Any process that modulates the frequency, rate or extent of attachment of a cell to another cell or to the extracellular matrix."
"black",2722,2223,3,0.001994548189023,1,14,0.00629779577147998,0.5,28,"GO:0015297","MF","antiporter activity","Enables the active transport of a solute across a membrane by a mechanism whereby two or more species are transported in opposite directions in a tightly coupled process not directly linked to a form of energy other than chemiosmotic energy. The reaction is: solute A(out) + solute B(in) = solute A(in) + solute B(out)."
"black",2722,2223,4,0.00303781619037155,1,4,0.00179937022042285,1,4,"GO:0015386","MF","potassium:proton antiporter activity","Enables the transfer of a solute or solutes from one side of a membrane to the other according to the reaction: K+(in) + H+(out) = K+(out) + H+(in)."
"black",2722,2223,5,0.00343998369584705,1,5,0.00224921277552856,0.833333333333333,6,"GO:0001952","BP","regulation of cell-matrix adhesion","Any process that modulates the frequency, rate or extent of attachment of a cell to the extracellular matrix."
"black",2722,2223,6,0.00343998369584705,1,5,0.00224921277552856,0.833333333333333,6,"GO:0015299","MF","solute:proton antiporter activity","Enables the transfer of a solute or solutes from one side of a membrane to the other according to the reaction: solute(out) + H+(in) = solute(in) + H+(out)."
"black",2722,2223,7,0.00505508490500575,1,86,0.0386864597390913,0.301754385964912,285,"GO:0006259","BP","DNA metabolic process","Any cellular metabolic process involving deoxyribonucleic acid. This is one of the two main types of nucleic acid, consisting of a long, unbranched macromolecule formed from one, or more commonly, two, strands of linked deoxyribonucleotides."
"black",2722,2223,8,0.00631903483254501,1,15,0.0067476383265857,0.441176470588235,34,"GO:0005539","MF","glycosaminoglycan binding","Interacting selectively and non-covalently with any glycan (polysaccharide) containing a substantial proportion of aminomonosaccharide residues."
"black",2722,2223,9,0.00641734091963265,1,14,0.00629779577147998,0.451612903225806,31,"GO:0006090","BP","pyruvate metabolic process","The chemical reactions and pathways involving pyruvate, 2-oxopropanoate."
"black",2722,2223,10,0.00718964167835171,1,6,0.00269905533063428,0.666666666666667,9,"GO:0030038","BP","contractile actin filament bundle assembly","Assembly of actin filament bundles in which the filaments are loosely packed (approximately 30-60 nm apart) and arranged with opposing polarities; the loose packing allows myosin (usually myosin-II) to enter the bundle."
"blue",1621,1317,1,0.000382254966926034,1,43,0.0326499620349279,0.232432432432432,185,"GO:0031966","CC","mitochondrial membrane","Either of the lipid bilayers that surround the mitochondrion and form the mitochondrial envelope."
"blue",1621,1317,2,0.00100741114857012,1,44,0.0334092634776006,0.221105527638191,199,"GO:0005740","CC","mitochondrial envelope","The double lipid bilayer enclosing the mitochondrion and separating its contents from the cell cytoplasm; includes the intermembrane space."
"blue",1621,1317,3,0.00142185160566537,1,12,0.00911161731207289,0.352941176470588,34,"GO:0010001","BP","glial cell differentiation","The process in which a relatively unspecialized cell acquires the specialized features of a glial cell."
"blue",1621,1317,4,0.00166032623970786,1,4,0.00303720577069096,0.8,5,"GO:0031118","BP","rRNA pseudouridine synthesis","The intramolecular conversion of uridine to pseudouridine in an rRNA molecule."
"blue",1621,1317,5,0.00168410539419107,1,23,0.017463933181473,0.261363636363636,88,"GO:0009451","BP","RNA modification","The covalent alteration of one or more nucleotides within an RNA molecule to produce an RNA molecule with a sequence that differs from that coded genetically."
"blue",1621,1317,6,0.00177182502182696,1,6,0.00455580865603645,0.545454545454545,11,"GO:0001522","BP","pseudouridine synthesis","The intramolecular conversion of uridine to pseudouridine within an RNA molecule. This posttranscriptional base modification occurs in tRNA, rRNA, and snRNAs."
"blue",1621,1317,7,0.00177182502182696,1,6,0.00455580865603645,0.545454545454545,11,"GO:0016866","MF","intramolecular transferase activity","Catalysis of the transfer of a functional group from one position to another within a single molecule."
"blue",1621,1317,8,0.00216385839306863,1,19,0.0144267274107821,0.27536231884058,69,"GO:0007098","BP","centrosome cycle","The cell cycle process in which centrosome duplication and separation takes place. The centrosome cycle can operate with a considerable degree of independence from other processes of the cell cycle."
"blue",1621,1317,9,0.00251031295472047,1,33,0.0250569476082005,0.227586206896552,145,"GO:0005743","CC","mitochondrial inner membrane","The inner, i.e. lumen-facing, lipid bilayer of the mitochondrial envelope. It is highly folded to form cristae."
"blue",1621,1317,10,0.00251031295472047,1,33,0.0250569476082005,0.227586206896552,145,"GO:0031267","MF","small GTPase binding","Interacting selectively and non-covalently with a small monomeric GTPase."
"brown",994,805,1,0.000677920003751817,1,4,0.00496894409937888,0.666666666666667,6,"GO:0045297","BP","post-mating behavior","The specific behavior of an organism following mating."
"brown",994,805,2,0.00174680197800161,1,60,0.0745341614906832,0.12396694214876,484,"GO:0016491","MF","oxidoreductase activity","Catalysis of an oxidation-reduction (redox) reaction, a reversible chemical reaction in which the oxidation state of an atom or atoms within a molecule is altered. One substrate acts as a hydrogen or electron donor and becomes oxidized, while the other acts as hydrogen or electron acceptor and becomes reduced."
"brown",994,805,3,0.0020295411163861,1,6,0.00745341614906832,0.352941176470588,17,"GO:0071390","BP","cellular response to ecdysone","Any process that results in a change in state or activity of a cell (in terms of movement, secretion, enzyme production, gene expression, etc.) as a result of a ecdysone stimulus."
"brown",994,805,4,0.00269440532589839,1,11,0.0136645962732919,0.22,50,"GO:0001894","BP","tissue homeostasis","A homeostatic process involved in the maintenance of an internal steady state within a defined tissue of an organism, including control of cellular proliferation and death and control of metabolic function."
"brown",994,805,5,0.00392017767485816,1,23,0.0285714285714286,0.153333333333333,150,"GO:0016705","MF","oxidoreductase activity, acting on paired donors, with incorporation or reduction of molecular oxygen","Catalysis of an oxidation-reduction (redox) reaction in which hydrogen or electrons are transferred from each of two donors, and molecular oxygen is reduced or incorporated into a donor."
"brown",994,805,6,0.00462297776212875,1,4,0.00496894409937888,0.444444444444444,9,"GO:0046662","BP","regulation of oviposition","Any process that modulates the frequency, rate or extent of the deposition of eggs, either fertilized or not, upon a surface or into a medium."
"brown",994,805,7,0.0053796782319383,1,3,0.00372670807453416,0.6,5,"GO:0048042","BP","regulation of post-mating oviposition","Any process that modulates the frequency, rate or extent of the deposition of eggs, either fertilized or not, upon a surface or into a medium, following mating."
"brown",994,805,8,0.00576159806455953,1,55,0.0683229813664596,0.119565217391304,460,"GO:0055114","BP","oxidation-reduction process","A metabolic process that results in the removal or addition of one or more electrons to or from a substance, with or without the concomitant removal or addition of a proton or protons."
"brown",994,805,9,0.00663130877347155,1,6,0.00745341614906832,0.285714285714286,21,"GO:0010669","BP","epithelial structure maintenance","A tissue homeostatic process required for the maintenance of epithelial structure."
"brown",994,805,10,0.00663130877347155,1,6,0.00745341614906832,0.285714285714286,21,"GO:0040001","BP","establishment of mitotic spindle localization","The cell cycle process in which the directed movement of the mitotic spindle to a specific location in the cell occurs."
"cyan",471,382,1,0.000345035990165081,1,15,0.0392670157068063,0.111111111111111,135,"GO:0016791","MF","phosphatase activity","Catalysis of the hydrolysis of phosphoric monoesters, releasing inorganic phosphate."
"cyan",471,382,2,0.000772191067828245,1,29,0.0759162303664921,0.0759162303664921,382,"GO:0016788","MF","hydrolase activity, acting on ester bonds","Catalysis of the hydrolysis of any ester bond."
"cyan",471,382,3,0.00114862868872186,1,16,0.0418848167539267,0.0958083832335329,167,"GO:0042578","MF","phosphoric ester hydrolase activity","Catalysis of the reaction: RPO-R' + H2O = RPOOH + R'H. This reaction is the hydrolysis of any phosphoric ester bond, any ester formed from orthophosphoric acid, O=P(OH)3."
"cyan",471,382,4,0.00115608673180558,1,14,0.0366492146596859,0.102941176470588,136,"GO:0016311","BP","dephosphorylation","The process of removing one or more phosphoric (ester or anhydride) residues from a molecule."
"cyan",471,382,5,0.00162511749949463,1,2,0.00523560209424084,1,2,"GO:0000451","BP","rRNA 2'-O-methylation","The addition of a methyl group to the 2'-oxygen atom of a nucleotide residue in an rRNA molecule during ribosome biogenesis."
"cyan",471,382,6,0.00162511749949463,1,2,0.00523560209424084,1,2,"GO:0097017","BP","renal protein absorption","A renal system process in which proteins are taken up from the collecting ducts, glomerulus and proximal and distal loops of the nephron. In non-mammalian species, absorption may occur in related structures (e.g. protein absorption is observed in nephrocytes in Drosophila, see PMID:23264686)."
"cyan",471,382,7,0.00162511749949463,1,2,0.00523560209424084,1,2,"GO:0004726","MF","non-membrane spanning protein tyrosine phosphatase activity","Catalysis of the reaction: non-membrane spanning protein tyrosine phosphate + H2O = non-membrane spanning protein tyrosine + phosphate."
"cyan",471,382,8,0.00162511749949463,1,2,0.00523560209424084,1,2,"GO:0008331","MF","high voltage-gated calcium channel activity","Enables the transmembrane transfer of a calcium ion by a high voltage-gated channel. A high voltage-gated channel is a channel whose open state is dependent on high voltage across the membrane in which it is embedded."
"cyan",471,382,9,0.00202265401471412,1,3,0.00785340314136126,0.428571428571429,7,"GO:0048133","BP","male germ-line stem cell asymmetric division","The self-renewing division of a germline stem cell in the male gonad, to produce a daughter stem cell and a daughter germ cell, which will divide to form the male gametes."
"cyan",471,382,10,0.00313979459450568,1,3,0.00785340314136126,0.375,8,"GO:0005832","CC","chaperonin-containing T-complex","A multisubunit ring-shaped complex that mediates protein folding in the cytosol without a cofactor."
"darkgreen",185,145,1,0.00204628454941608,1,3,0.0206896551724138,0.176470588235294,17,"GO:0007432","BP","salivary gland boundary specification","Determination of where the salivary gland forms, the total number of salivary gland cells and how many cells are allocated to each of the specialised cell types within the salivary gland."
"darkgreen",185,145,2,0.00241357878181355,1,17,0.117241379310345,0.0327552986512524,519,"GO:0003723","MF","RNA binding","Interacting selectively and non-covalently with an RNA molecule or a portion thereof."
"darkgreen",185,145,3,0.00292584458457325,1,35,0.241379310344828,0.0243562978427279,1437,"GO:0003676","MF","nucleic acid binding","Interacting selectively and non-covalently with any nucleic acid."
"darkgreen",185,145,4,0.00782087802096877,1,2,0.0137931034482759,0.222222222222222,9,"GO:0008137","MF","NADH dehydrogenase (ubiquinone) activity","Catalysis of the reaction: NADH + H+ + ubiquinone = NAD+ + ubiquinol."
"darkgreen",185,145,5,0.00967842858673422,1,2,0.0137931034482759,0.2,10,"GO:0016655","MF","oxidoreductase activity, acting on NAD(P)H, quinone or similar compound as acceptor","Catalysis of an oxidation-reduction (redox) reaction in which NADH or NADPH acts as a hydrogen or electron donor and reduces a quinone or a similar acceptor molecule."
"darkgreen",185,145,6,0.0105673148526694,1,3,0.0206896551724138,0.1,30,"GO:1904951","BP","positive regulation of establishment of protein localization","Any process that activates or increases the frequency, rate or extent of establishment of protein localization."
"darkgreen",185,145,7,0.0116015967784114,1,10,0.0689655172413793,0.0353356890459364,283,"GO:0006397","BP","mRNA processing","Any process involved in the conversion of a primary mRNA transcript into one or more mature mRNA(s) prior to translation into polypeptide."
"darkgreen",185,145,8,0.0117111546894823,1,2,0.0137931034482759,0.181818181818182,11,"GO:0045478","BP","fusome organization","A process that is carried out at the cellular level which results in the assembly, arrangement of constituent parts, or disassembly of the fusome, a large intracellular spectrin-rich structure found in insect germline cells and mammalian hematopoietic cells."
"darkgreen",185,145,9,0.0132915072383348,1,10,0.0689655172413793,0.0346020761245675,289,"GO:0048737","BP","imaginal disc-derived appendage development","The process whose specific outcome is the progression of an appendage over time, from its formation in the imaginal disc to the mature structure. An appendage is an organ or part that is attached to the trunk of an organism."
"darkgreen",185,145,10,0.0133444624312644,1,15,0.103448275862069,0.0288461538461538,520,"GO:0006396","BP","RNA processing","Any process involved in the conversion of one or more primary RNA transcripts into one or more mature RNA molecules."
"darkgrey",286,241,1,2.87042408098028e-05,0.240627650708577,12,0.0497925311203319,0.106194690265487,113,"GO:0000982","MF","transcription factor activity, RNA polymerase II proximal promoter sequence-specific DNA binding","Interacting selectively and non-covalently with a sequence of DNA that is in cis with and relatively close to a core promoter for RNA polymerase II (RNAP II) in order to modulate transcription by RNAP II."
"darkgrey",286,241,2,0.000778283527009163,1,7,0.029045643153527,0.116666666666667,60,"GO:0001077","MF","proximal promoter DNA-binding transcription activator activity, RNA polymerase II-specific","A protein or a member of a complex that interacts selectively and non-covalently with a specific DNA sequence (sometimes referred to as a motif) within a proximal promoter regulatory region of a RNA polymerase II-transcribed gene to activate or increase transcription."
"darkgrey",286,241,3,0.000904457869522377,1,16,0.0663900414937759,0.062015503875969,258,"GO:0000981","MF","DNA-binding transcription factor activity, RNA polymerase II-specific","A protein or a member of a complex that interacts selectively and non-covalently with a specific DNA sequence (sometimes referred to as a motif) within the regulatory region of a RNA polymerase II-transcribed gene to modulate transcription. Regulatory regions include promoters (proximal and distal) and enhancers. Genes are transcriptional units."
"darkgrey",286,241,4,0.00101991261290637,1,8,0.033195020746888,0.0987654320987654,81,"GO:0001228","MF","DNA-binding transcription activator activity, RNA polymerase II-specific","A protein or a member of a complex that interacts selectively and non-covalently with a specific DNA sequence (sometimes referred to as a motif) within the regulatory region of a RNA polymerase II-transcribed gene to activate or increase transcription. Regulatory regions include promoters (proximal and distal) and enhancers. Genes are transcriptional units."
"darkgrey",286,241,5,0.00156276172272127,1,5,0.020746887966805,0.147058823529412,34,"GO:0030178","BP","negative regulation of Wnt signaling pathway","Any process that stops, prevents, or reduces the frequency, rate or extent of the Wnt signaling pathway."
"darkgrey",286,241,6,0.00230102622874274,1,5,0.020746887966805,0.135135135135135,37,"GO:0001578","BP","microtubule bundle formation","A process that results in a parallel arrangement of microtubules."
"darkgrey",286,241,7,0.0023127560921323,1,3,0.012448132780083,0.272727272727273,11,"GO:0022841","MF","potassium ion leak channel activity","Enables the transport of a potassium ion across a membrane via a narrow pore channel that is open even in an unstimulated or 'resting' state."
"darkgrey",286,241,8,0.00286868324134747,1,6,0.024896265560166,0.107142857142857,56,"GO:0001078","MF","proximal promoter DNA-binding transcription repressor activity, RNA polymerase II-specific","A protein or a member of a complex that interacts selectively and non-covalently with a specific DNA sequence (sometimes referred to as a motif) within a proximal promoter regulatory region of a RNA polymerase II-transcribed gene to repress or decrease transcription."
"darkgrey",286,241,9,0.0029748544692697,1,225,0.933609958506224,0.0270823302840636,8308,"GO:0003674","MF","molecular_function","A molecular process that can be carried out by the action of a single macromolecular machine, usually via direct physical interactions with other molecular entities. Function in this sense denotes an action, or activity, that a gene product (or a complex) performs. These actions are described from two distinct but related perspectives: (1) biochemical activity, and (2) role as a component in a larger system/process."
"darkgrey",286,241,10,0.00302606259804568,1,3,0.012448132780083,0.25,12,"GO:0042219","BP","cellular modified amino acid catabolic process","The chemical reactions and pathways resulting in the breakdown of compounds derived from amino acids, organic acids containing one or more amino substituents."
"darkred",77,62,1,0.000251240904434161,1,2,0.032258064516129,0.5,4,"GO:0008093","MF","cytoskeletal adaptor activity","The binding activity of a molecule that brings together a cytoskeletal protein and one or more other molecules, permitting them to function in a coordinated way."
"darkred",77,62,2,0.00314427308802472,1,2,0.032258064516129,0.153846153846154,13,"GO:0044295","CC","axonal growth cone","The migrating motile tip of a growing nerve cell axon."
"darkred",77,62,3,0.00589225627150769,1,8,0.129032258064516,0.0190023752969121,421,"GO:0007423","BP","sensory organ development","The process whose specific outcome is the progression of sensory organs over time, from its formation to the mature structure."
"darkred",77,62,4,0.00603910314529049,1,2,0.032258064516129,0.111111111111111,18,"GO:2001233","BP","regulation of apoptotic signaling pathway","Any process that modulates the frequency, rate or extent of apoptotic signaling pathway."
"darkred",77,62,5,0.00655114116652578,1,1,0.0161290322580645,1,1,"GO:0032516","BP","positive regulation of phosphoprotein phosphatase activity","Any process that activates or increases the activity of a phosphoprotein phosphatase."
"darkred",77,62,6,0.00655114116652578,1,1,0.0161290322580645,1,1,"GO:0033501","BP","galactose homeostasis","A homeostatic process involved in the maintenance of an internal steady state of galactose within an organism or cell."
"darkred",77,62,7,0.00655114116652578,1,1,0.0161290322580645,1,1,"GO:1902167","BP","positive regulation of intrinsic apoptotic signaling pathway in response to DNA damage by p53 class mediator",NA
"darkred",77,62,8,0.00655114116652578,1,1,0.0161290322580645,1,1,"GO:1902231","BP","positive regulation of intrinsic apoptotic signaling pathway in response to DNA damage",NA
"darkred",77,62,9,0.00655114116652578,1,1,0.0161290322580645,1,1,"GO:1902236","BP","negative regulation of endoplasmic reticulum stress-induced intrinsic apoptotic signaling pathway",NA
"darkred",77,62,10,0.00655114116652578,1,1,0.0161290322580645,1,1,"GO:2000302","BP","positive regulation of synaptic vesicle exocytosis","Any process that activates or increases the frequency, rate or extent of synaptic vesicle exocytosis."
"darkturquoise",69,57,1,0.00150486235190935,1,3,0.0526315789473684,0.0789473684210526,38,"GO:0071897","BP","DNA biosynthetic process","The cellular DNA metabolic process resulting in the formation of DNA, deoxyribonucleic acid, one of the two main types of nucleic acid, consisting of a long unbranched macromolecule formed from one or two strands of linked deoxyribonucleotides, the 3'-phosphate group of each constituent deoxyribonucleotide being joined in 3',5'-phosphodiester linkage to the 5'-hydroxyl group of the deoxyribose moiety of the next one."
"darkturquoise",69,57,2,0.0018930880473734,1,2,0.0350877192982456,0.181818181818182,11,"GO:0000731","BP","DNA synthesis involved in DNA repair","Synthesis of DNA that proceeds from the broken 3' single-strand DNA end and uses the homologous intact duplex as the template."
"darkturquoise",69,57,3,0.0018930880473734,1,2,0.0350877192982456,0.181818181818182,11,"GO:0031290","BP","retinal ganglion cell axon guidance","The process in which the migration of an axon growth cone of a retinal ganglion cell (RGC) is directed to its target in the brain in response to a combination of attractive and repulsive cues."
"darkturquoise",69,57,4,0.00226293488964232,1,2,0.0350877192982456,0.166666666666667,12,"GO:0035309","BP","wing and notum subfield formation","The regionalization process that subdivides the wing imaginal disc into the wing and notum (body wall) subfields, thus determining whether cells ultimately differentiate wing or notum-specific structures."
"darkturquoise",69,57,5,0.00309607592623338,1,2,0.0350877192982456,0.142857142857143,14,"GO:0016201","BP","synaptic target inhibition","The process in which a neuronal cell in a multicellular organism recognizes chemorepellent signals that inhibit its growth toward the source."
"darkturquoise",69,57,6,0.00371447153056978,1,3,0.0526315789473684,0.0576923076923077,52,"GO:0000956","BP","nuclear-transcribed mRNA catabolic process","The chemical reactions and pathways resulting in the breakdown of nuclear-transcribed mRNAs in eukaryotic cells."
"darkturquoise",69,57,7,0.00457380333928647,1,2,0.0350877192982456,0.117647058823529,17,"GO:0051445","BP","regulation of meiotic cell cycle","Any process that modulates the rate or extent of progression through the meiotic cell cycle."
"darkturquoise",69,57,8,0.00602282333051563,1,1,0.0175438596491228,1,1,"GO:0002229","BP","defense response to oomycetes","Reactions triggered in response to the presence of oomycetes that act to protect the cell or organism."
"darkturquoise",69,57,9,0.00602282333051563,1,1,0.0175438596491228,1,1,"GO:0010778","BP","meiotic DNA repair synthesis involved in reciprocal meiotic recombination","The synthesis of DNA proceeding from the broken 3' single-strand DNA end that uses the homologous intact duplex as the template resulting in meiotic recombination. Meiotic recombination is the cell cycle process in which double strand breaks are formed and repaired through a double Holliday junction intermediate."
"darkturquoise",69,57,10,0.00602282333051563,1,1,0.0175438596491228,1,1,"GO:0001517","MF","N-acetylglucosamine 6-O-sulfotransferase activity","Catalysis of the reaction: 3'-phosphoadenosine 5'-phosphosulfate + N-acetyl-D-glucosamine = adenosine 3',5'-bisphosphate + N-acetyl-D-glucosamine 6-sulfate."
"greenyellow",155,126,1,0.000175864016002531,1,2,0.0158730158730159,1,2,"GO:0090230","BP","regulation of centromere complex assembly","Any process that modulates the rate, frequency, or extent of centromere complex assembly, the aggregation, arrangement and bonding together of proteins and centromeric DNA molecules to form a centromeric protein-DNA complex."
"greenyellow",155,126,2,0.000522982633933547,1,2,0.0158730158730159,0.666666666666667,3,"GO:0036071","BP","N-glycan fucosylation","The process of transferring a fucosyl group to an N-glycan. An N-glycan is the carbohydrate portion of an N-glycoprotein when attached to a nitrogen from asparagine or arginine side-chains."
"greenyellow",155,126,3,0.00103683632840906,1,2,0.0158730158730159,0.5,4,"GO:0004965","MF","G protein-coupled GABA receptor activity","Combining with the amino acid gamma-aminobutyric acid (GABA, 4-aminobutyrate) and transmitting the signal across the membrane by activating an associated G-protein; promotes the exchange of GDP for GTP on the alpha subunit of a heterotrimeric G-protein complex."
"greenyellow",155,126,4,0.00171299391708044,1,2,0.0158730158730159,0.4,5,"GO:0051382","BP","kinetochore assembly","The aggregation, arrangement and bonding together of a set of components to form the kinetochore, a multisubunit complex that is located at the centromeric region of DNA and provides an attachment point for the spindle microtubules."
"greenyellow",155,126,5,0.00171299391708044,1,2,0.0158730158730159,0.4,5,"GO:0071260","BP","cellular response to mechanical stimulus","Any process that results in a change in state or activity of a cell (in terms of movement, secretion, enzyme production, gene expression, etc.) as a result of a mechanical stimulus."
"greenyellow",155,126,6,0.00219830218090517,1,5,0.0396825396825397,0.072463768115942,69,"GO:0030594","MF","neurotransmitter receptor activity","Combining with a neurotransmitter and transmitting the signal to initiate a change in cell activity."
"greenyellow",155,126,7,0.00254711103969479,1,2,0.0158730158730159,0.333333333333333,6,"GO:0034501","BP","protein localization to kinetochore","Any process in which a protein is transported to, or maintained at, the kinetochore."
"greenyellow",155,126,8,0.00254711103969479,1,2,0.0158730158730159,0.333333333333333,6,"GO:0035542","BP","regulation of SNARE complex assembly","Any process that modulates the frequency, rate or extent of assembly of the SNARE complex. The SNARE complex is a protein complex involved in membrane fusion; a stable ternary complex consisting of a four-helix bundle, usually formed from one R-SNARE and three Q-SNAREs with an ionic layer sandwiched between hydrophobic layers."
"greenyellow",155,126,9,0.00254711103969479,1,2,0.0158730158730159,0.333333333333333,6,"GO:0071459","BP","protein localization to chromosome, centromeric region","Any process in which a protein is transported to, or maintained at, the centromeric region of a chromosome."
"greenyellow",155,126,10,0.00254711103969479,1,2,0.0158730158730159,0.333333333333333,6,"GO:0030897","CC","HOPS complex","A multimeric protein complex that associates with the vacuolar membrane, late endosomal (multivesicular body) and lysosomal membranes. HOPS is a tethering complex involved in vesicle fusion."
"grey",38,33,1,0.000117141845837907,0.982000093659174,2,0.0606060606060606,0.4,5,"GO:0006121","BP","mitochondrial electron transport, succinate to ubiquinone","The transfer of electrons from succinate to ubiquinone that occurs during oxidative phosphorylation, mediated by the multisubunit enzyme known as complex II."
"grey",38,33,2,0.00120342534770431,1,2,0.0606060606060606,0.133333333333333,15,"GO:0045494","BP","photoreceptor cell maintenance","Any process preventing the degeneration of the photoreceptor, a specialized cell type that is sensitive to light."
"grey",38,33,3,0.00155193869994231,1,2,0.0606060606060606,0.117647058823529,17,"GO:0001895","BP","retina homeostasis","A tissue homeostatic process involved in the maintenance of an internal equilibrium within the retina of the eye, including control of cellular proliferation and death and control of metabolic function."
"grey",38,33,4,0.00260744657723261,1,2,0.0606060606060606,0.0909090909090909,22,"GO:0006099","BP","tricarboxylic acid cycle","A nearly universal metabolic pathway in which the acetyl group of acetyl coenzyme A is effectively oxidized to two CO2 and four pairs of electrons are transferred to coenzymes. The acetyl group combines with oxaloacetate to form citrate, which undergoes successive transformations to isocitrate, 2-oxoglutarate, succinyl-CoA, succinate, fumarate, malate, and oxaloacetate again, thus completing the cycle. In eukaryotes the tricarboxylic acid is confined to the mitochondria. See also glyoxylate cycle."
"grey",38,33,5,0.00284956181467526,1,2,0.0606060606060606,0.0869565217391304,23,"GO:0006101","BP","citrate metabolic process","The chemical reactions and pathways involving citrate, 2-hydroxy-1,2,3-propanetricarboyxlate. Citrate is widely distributed in nature and is an important intermediate in the TCA cycle and the glyoxylate cycle."
"grey",38,33,6,0.00348689771766708,1,1,0.0303030303030303,1,1,"GO:0009061","BP","anaerobic respiration","The enzymatic release of energy from inorganic and organic compounds (especially carbohydrates and fats) which uses compounds other than oxygen (e.g. nitrate, sulfate) as the terminal electron acceptor."
"grey",38,33,7,0.00348689771766708,1,1,0.0303030303030303,1,1,"GO:0032189","BP","maintenance of actomyosin contractile ring localization","Any process in which an actomyosin contractile ring is maintained in a location and prevented from moving elsewhere."
"grey",38,33,8,0.00348689771766708,1,1,0.0303030303030303,1,1,"GO:2000480","BP","negative regulation of cAMP-dependent protein kinase activity","Any process that stops, prevents or reduces the frequency, rate or extent of cAMP-dependent protein kinase activity."
"grey",38,33,9,0.00348689771766708,1,1,0.0303030303030303,1,1,"GO:2001282","BP","negative regulation of muscle cell chemotaxis toward tendon cell","Any process that stops, prevents or reduces the frequency, rate or extent of the directed movement of a muscle cell towards a tendon cell in response to an external stimulus. For example, when the muscle cell arrives at the target tendon cell, migration is arrested so that attachments can be made between the cells."
"grey",38,33,10,0.00348689771766708,1,1,0.0303030303030303,1,1,"GO:2001283","BP","Roundabout signaling pathway involved in muscle cell chemotaxis toward tendon cell","Any Roundabout signaling pathway that is involved in the directed movement of a muscle cell towards a tendon cell in response to an external stimulus."
"lightcyan",107,92,1,8.89170843961221e-07,0.00745391918492692,3,0.0326086956521739,1,3,"GO:0097546","CC","ciliary base","Area of the cilium (also called flagellum) where the basal body and the axoneme are anchored to the plasma membrane. The ciliary base encompasses the distal part of the basal body, transition fibers and transition zone and is structurally and functionally very distinct from the rest of the cilium. In this area proteins are sorted and filtered before entering the cilium, and many ciliary proteins localize specifically to this area."
"lightcyan",107,92,2,0.000917156686147198,1,2,0.0217391304347826,0.4,5,"GO:0032785","BP","negative regulation of DNA-templated transcription, elongation","Any process that stops, prevents, or reduces the frequency, rate or extent of transcription elongation, the extension of an RNA molecule after transcription initiation and promoter clearance by the addition of ribonucleotides catalyzed by a DNA-dependent RNA polymerase."
"lightcyan",107,92,3,0.0013670301242645,1,2,0.0217391304347826,0.333333333333333,6,"GO:0009113","BP","purine nucleobase biosynthetic process","The chemical reactions and pathways resulting in the formation of purine nucleobases, one of the two classes of nitrogen-containing ring compounds found in DNA and RNA, which include adenine and guanine."
"lightcyan",107,92,4,0.00155195217942804,1,3,0.0326086956521739,0.125,24,"GO:0036099","BP","female germ-line stem cell population maintenance","The process by which an organism or tissue maintains a population of female germ-line stem cells."
"lightcyan",107,92,5,0.00231211830481587,1,13,0.141304347826087,0.0237659963436929,547,"GO:0005524","MF","ATP binding","Interacting selectively and non-covalently with ATP, adenosine 5'-triphosphate, a universally important coenzyme and enzyme regulator."
"lightcyan",107,92,6,0.00283836377615877,1,13,0.141304347826087,0.0232142857142857,560,"GO:0032559","MF","adenyl ribonucleotide binding","Interacting selectively and non-covalently with an adenyl ribonucleotide, any compound consisting of adenosine esterified with (ortho)phosphate or an oligophosphate at any hydroxyl group on the ribose moiety."
"lightcyan",107,92,7,0.00298482094704113,1,3,0.0326086956521739,0.1,30,"GO:0018105","BP","peptidyl-serine phosphorylation","The phosphorylation of peptidyl-serine to form peptidyl-O-phospho-L-serine."
"lightcyan",107,92,8,0.00380657958823596,1,4,0.0434782608695652,0.0606060606060606,66,"GO:0030718","BP","germ-line stem cell population maintenance","Any process by which an organism or tissue maintains a population of germ-line stem cells."
"lightcyan",107,92,9,0.00399845818861683,1,2,0.0217391304347826,0.2,10,"GO:0045742","BP","positive regulation of epidermal growth factor receptor signaling pathway","Any process that activates or increases the frequency, rate or extent of epidermal growth factor receptor signaling pathway activity."
"lightcyan",107,92,10,0.00485619450144455,1,2,0.0217391304347826,0.181818181818182,11,"GO:0030992","CC","intraciliary transport particle B","The larger subcomplex of the intraciliary transport particle; characterized complexes have molecular weights around 550 kDa."
"lightgreen",99,79,1,0.000106356153195329,0.891583632236439,5,0.0632911392405063,0.087719298245614,57,"GO:0060810","BP","intracellular mRNA localization involved in pattern specification process","Any process in which mRNA is transported to, or maintained in, a specific location within an oocyte that results in a pattern being established in the embryo."
"lightgreen",99,79,2,0.000241963330227978,1,13,0.164556962025316,0.025844930417495,503,"GO:0070727","BP","cellular macromolecule localization","Any process in which a macromolecule is transported to, and/or maintained in, a specific location at the level of a cell. Localization at the cellular level encompasses movement within the cell, from within the cell to the cell surface, or from one location to another at the surface of a cell."
"lightgreen",99,79,3,0.000322326487699681,1,7,0.0886075949367089,0.0445859872611465,157,"GO:0006403","BP","RNA localization","A process in which RNA is transported to, or maintained in, a specific location."
"lightgreen",99,79,4,0.000366379424193116,1,5,0.0632911392405063,0.0675675675675676,74,"GO:0008298","BP","intracellular mRNA localization","Any process in which mRNA is transported to, or maintained in, a specific location within the cell."
"lightgreen",99,79,5,0.000419966216975865,1,7,0.0886075949367089,0.0426829268292683,164,"GO:0009798","BP","axis specification","The establishment, maintenance and elaboration of a pattern along a line or around a point."
"lightgreen",99,79,6,0.000562425147612711,1,4,0.0506329113924051,0.0869565217391304,46,"GO:0045451","BP","pole plasm oskar mRNA localization","Any process in which oskar mRNA is transported to, or maintained in, the oocyte pole plasm."
"lightgreen",99,79,7,0.000773955594831895,1,4,0.0506329113924051,0.08,50,"GO:0019094","BP","pole plasm mRNA localization","Any process in which mRNA is transported to, or maintained in, the oocyte pole plasm. An example of this is found in Drosophila melanogaster."
"lightgreen",99,79,8,0.0008345438195606,1,4,0.0506329113924051,0.0784313725490196,51,"GO:0007316","BP","pole plasm RNA localization","Any process in which RNA is transported to, or maintained in, the oocyte pole plasm. An example of this is found in Drosophila melanogaster."
"lightgreen",99,79,9,0.000889350427581626,1,7,0.0886075949367089,0.0376344086021505,186,"GO:0009880","BP","embryonic pattern specification","The process that results in the patterns of cell differentiation that will arise in an embryo."
"lightgreen",99,79,10,0.000965621643421421,1,11,0.139240506329114,0.0251141552511416,438,"GO:0007389","BP","pattern specification process","Any developmental process that results in the creation of defined areas or spaces within an organism to which cells respond and eventually are instructed to differentiate."
"lightyellow",103,79,1,8.80315072302997e-05,0.737968125111603,3,0.0379746835443038,0.272727272727273,11,"GO:0030720","BP","oocyte localization involved in germarium-derived egg chamber formation","Directed movement of the oocyte, following its specification, from its original central position in the cyst to a posterior position relative to the nurse cells of the egg chamber, and its maintenance in this posterior location. This is the first sign of anterior-posterior asymmetry in the developing egg chamber."
"lightyellow",103,79,2,0.000408362350114261,1,2,0.0253164556962025,0.5,4,"GO:0005172","MF","vascular endothelial growth factor receptor binding","Interacting selectively and non-covalently with any vascular endothelial growth factor receptor."
"lightyellow",103,79,3,0.000676915953119462,1,2,0.0253164556962025,0.4,5,"GO:0022849","MF","glutamate-gated calcium ion channel activity","Enables the transmembrane transfer of a calcium ion by a channel that opens when glutamate has been bound by the channel complex or one of its constituent parts."
"lightyellow",103,79,4,0.00140617364829285,1,2,0.0253164556962025,0.285714285714286,7,"GO:1901739","BP","regulation of myoblast fusion",NA
"lightyellow",103,79,5,0.00207017502772878,1,4,0.0506329113924051,0.0615384615384615,65,"GO:0031301","CC","integral component of organelle membrane","The component of the organelle membrane consisting of the gene products having at least some part of their peptide sequence embedded in the hydrophobic region of the membrane."
"lightyellow",103,79,6,0.00238458507361513,1,2,0.0253164556962025,0.222222222222222,9,"GO:0015277","MF","kainate selective glutamate receptor activity","An ionotropic glutamate receptor activity that exhibits fast gating by glutamate, acts by opening a cation channel permeable to sodium and potassium, and for which kainate is an agonist."
"lightyellow",103,79,7,0.00296462881854852,1,2,0.0253164556962025,0.2,10,"GO:0046658","CC","anchored component of plasma membrane","The component of the plasma membrane consisting of the gene products that are tethered to the membrane only by a covalently attached anchor, such as a lipid group, that is embedded in the membrane. Gene products with peptide sequences that are embedded in the membrane are excluded from this grouping."
"lightyellow",103,79,8,0.00296462881854852,1,2,0.0253164556962025,0.2,10,"GO:0097482","CC","muscle cell postsynaptic specialization","A postsynaptic specialization that is part of a neuromuscular junction."
"lightyellow",103,79,9,0.00360387266550813,1,2,0.0253164556962025,0.181818181818182,11,"GO:0031225","CC","anchored component of membrane","The component of a membrane consisting of the gene products that are tethered to the membrane only by a covalently attached anchor, such as a lipid group that is embedded in the membrane. Gene products with peptide sequences that are embedded in the membrane are excluded from this grouping."
"lightyellow",103,79,10,0.00430131319655675,1,2,0.0253164556962025,0.166666666666667,12,"GO:0006697","BP","ecdysone biosynthetic process","The chemical reactions and pathways resulting in the formation of ecdysone, (22R)-2-beta,3-beta,14,22,25-pentahydroxycholest-7-en-6-one, an ecdysteroid found in insects."
"pink",349,274,1,0.00075283703523735,1,9,0.0328467153284672,0.105882352941176,85,"GO:0005813","CC","centrosome","A structure comprised of a core structure (in most organisms, a pair of centrioles) and peripheral material from which a microtubule-based structure, such as a spindle apparatus, is organized. Centrosomes occur close to the nucleus during interphase in many eukaryotic cells, though in animal cells it changes continually during the cell-division cycle."
"pink",349,274,2,0.00120658502580679,1,3,0.0109489051094891,0.375,8,"GO:1901216","BP","positive regulation of neuron death",NA
"pink",349,274,3,0.00121004313751681,1,7,0.0255474452554745,0.12280701754386,57,"GO:0060810","BP","intracellular mRNA localization involved in pattern specification process","Any process in which mRNA is transported to, or maintained in, a specific location within an oocyte that results in a pattern being established in the embryo."
"pink",349,274,4,0.00128355952904906,1,8,0.0291970802919708,0.108108108108108,74,"GO:0008298","BP","intracellular mRNA localization","Any process in which mRNA is transported to, or maintained in, a specific location within the cell."
"pink",349,274,5,0.00177126726830925,1,3,0.0109489051094891,0.333333333333333,9,"GO:0005791","CC","rough endoplasmic reticulum","The rough (or granular) endoplasmic reticulum (ER) has ribosomes adhering to the outer surface; the ribosomes are the site of translation of the mRNA for those proteins which are either to be retained within the cisternae (ER-resident proteins), the proteins of the lysosomes, or the proteins destined for export from the cell. Glycoproteins undergo their initial glycosylation within the cisternae."
"pink",349,274,6,0.00188934881782586,1,4,0.0145985401459854,0.210526315789474,19,"GO:0070006","MF","metalloaminopeptidase activity","Catalysis of the hydrolysis of N-terminal amino acid residues from a polypeptide chain by a mechanism in which water acts as a nucleophile, one or two metal ions hold the water molecule in place, and charged amino acid side chains are ligands for the metal ions."
"pink",349,274,7,0.00198979602819616,1,12,0.0437956204379562,0.0764331210191083,157,"GO:0006403","BP","RNA localization","A process in which RNA is transported to, or maintained in, a specific location."
"pink",349,274,8,0.00218555988856993,1,10,0.0364963503649635,0.0847457627118644,118,"GO:0005815","CC","microtubule organizing center","An intracellular structure that can catalyze gamma-tubulin-dependent microtubule nucleation and that can anchor microtubules by interacting with their minus ends, plus ends or sides."
"pink",349,274,9,0.00245769011981657,1,2,0.0072992700729927,0.666666666666667,3,"GO:0045217","BP","cell-cell junction maintenance","The maintenance of junctions between cells."
"pink",349,274,10,0.00245769011981657,1,2,0.0072992700729927,0.666666666666667,3,"GO:1902884","BP","positive regulation of response to oxidative stress",NA
"red",719,587,1,0.00384089244143382,1,2,0.00340715502555366,1,2,"GO:0051450","BP","myoblast proliferation","The multiplication or reproduction of myoblasts, resulting in the expansion of a myoblast cell population. A myoblast is a mononucleate cell type that, by fusion with other myoblasts, gives rise to the myotubes that eventually develop into skeletal muscle fibers."
"red",719,587,2,0.00384089244143382,1,2,0.00340715502555366,1,2,"GO:1990635","CC","proximal dendrite","That part of the dendrite closest to the cell body of the neuron."
"red",719,587,3,0.00439050162323266,1,6,0.010221465076661,0.230769230769231,26,"GO:0008293","BP","torso signaling pathway","A series of molecular signals initiated by the binding of an extracellular ligand to torso (a receptor tyrosine kinase) on the surface of a target cell, and ending with regulation of a downstream cellular process, e.g. transcription."
"red",719,587,4,0.00548625511725477,1,99,0.168654173764906,0.0790103750997606,1253,"GO:0010468","BP","regulation of gene expression","Any process that modulates the frequency, rate or extent of gene expression. Gene expression is the process in which a gene's coding sequence is converted into a mature gene product or products (proteins or RNA). This includes the production of an RNA transcript as well as any processing to produce a mature RNA product or an mRNA or circRNA (for protein-coding genes) and the translation of that mRNA or circRNA into protein. Protein maturation is included when required to form an active form of a product from an inactive precursor form."
"red",719,587,5,0.00568173099752227,1,82,0.1396933560477,0.0812685827552032,1009,"GO:0051252","BP","regulation of RNA metabolic process","Any process that modulates the frequency, rate or extent of the chemical reactions and pathways involving RNA."
"red",719,587,6,0.00633472862769186,1,10,0.0170357751277683,0.153846153846154,65,"GO:0031301","CC","integral component of organelle membrane","The component of the organelle membrane consisting of the gene products having at least some part of their peptide sequence embedded in the hydrophobic region of the membrane."
"red",719,587,7,0.00711525586285984,1,76,0.129471890971039,0.0815450643776824,932,"GO:0006355","BP","regulation of transcription, DNA-templated","Any process that modulates the frequency, rate or extent of cellular DNA-templated transcription."
"red",719,587,8,0.00744682618845692,1,39,0.0664395229982964,0.0926365795724466,421,"GO:0007423","BP","sensory organ development","The process whose specific outcome is the progression of sensory organs over time, from its formation to the mature structure."
"red",719,587,9,0.00799800877477039,1,5,0.00851788756388416,0.238095238095238,21,"GO:0002218","BP","activation of innate immune response","Any process that initiates an innate immune response. Innate immune responses are defense responses mediated by germline encoded components that directly recognize components of potential pathogens. Examples of this process include activation of the hypersensitive response of Arabidopsis thaliana and activation of any NOD or TLR signaling pathway in vertebrate species."
"red",719,587,10,0.00808788756150404,1,76,0.129471890971039,0.0811099252934899,937,"GO:0007399","BP","nervous system development","The process whose specific outcome is the progression of nervous tissue over time, from its formation to its mature state."
"royalblue",124,108,1,0.000129033940884143,1,2,0.0185185185185185,1,2,"GO:0097108","MF","hedgehog family protein binding","Interacting selectively and non-covalently with a member of the hedgehog protein family, signaling proteins involved in development."
"royalblue",124,108,2,0.000225543416087428,1,5,0.0462962962962963,0.102040816326531,49,"GO:0008286","BP","insulin receptor signaling pathway","The series of molecular signals generated as a consequence of the insulin receptor binding to insulin."
"royalblue",124,108,3,0.000384210764158724,1,2,0.0185185185185185,0.666666666666667,3,"GO:0006567","BP","threonine catabolic process","The chemical reactions and pathways resulting in the breakdown of threonine (2-amino-3-hydroxybutyric acid), a polar, uncharged, essential amino acid found in peptide linkage in proteins."
"royalblue",124,108,4,0.000460711147974144,1,5,0.0462962962962963,0.087719298245614,57,"GO:0032869","BP","cellular response to insulin stimulus","Any process that results in a change in state or activity of a cell (in terms of movement, secretion, enzyme production, gene expression, etc.) as a result of an insulin stimulus. Insulin is a polypeptide hormone produced by the islets of Langerhans of the pancreas in mammals, and by the homologous organs of other organisms."
"royalblue",124,108,5,0.000499643859707477,1,5,0.0462962962962963,0.0862068965517241,58,"GO:0032868","BP","response to insulin","Any process that results in a change in state or activity of a cell or an organism (in terms of movement, secretion, enzyme production, gene expression, etc.) as a result of an insulin stimulus. Insulin is a polypeptide hormone produced by the islets of Langerhans of the pancreas in mammals, and by the homologous organs of other organisms."
"royalblue",124,108,6,0.000762687539615922,1,2,0.0185185185185185,0.5,4,"GO:0038203","BP","TORC2 signaling","A series of intracellular molecular signals mediated by TORC2; TOR (rapamycin-insensitive companion of TOR) in complex with at least Rictor (regulatory-associated protein of TOR), or orthologs of, and other signaling components."
"royalblue",124,108,7,0.00106556931550718,1,6,0.0555555555555556,0.0588235294117647,102,"GO:0032870","BP","cellular response to hormone stimulus","Any process that results in a change in state or activity of a cell (in terms of movement, secretion, enzyme production, gene expression, etc.) as a result of a hormone stimulus."
"royalblue",124,108,8,0.00204017554408247,1,12,0.111111111111111,0.0298507462686567,402,"GO:0000278","BP","mitotic cell cycle","Progression through the phases of the mitotic cell cycle, the most common eukaryotic cell cycle, which canonically comprises four successive phases called G1, S, G2, and M and includes replication of the genome and the subsequent segregation of chromosomes into daughter cells. In some variant cell cycles nuclear replication or nuclear division may not be followed by cell division, or G1 and G2 phases may be absent."
"royalblue",124,108,9,0.00261019545342142,1,2,0.0185185185185185,0.285714285714286,7,"GO:0006817","BP","phosphate ion transport","The directed movement of phosphate into, out of or within a cell, or between cells, by means of some agent such as a transporter or pore."
"royalblue",124,108,10,0.00288861102536881,1,6,0.0555555555555556,0.0483870967741935,124,"GO:0009725","BP","response to hormone","Any process that results in a change in state or activity of a cell or an organism (in terms of movement, secretion, enzyme production, gene expression, etc.) as a result of a hormone stimulus."
"salmon",146,112,1,0.000177799896522866,1,5,0.0446428571428571,0.111111111111111,45,"GO:0006865","BP","amino acid transport","The directed movement of amino acids, organic acids containing one or more amino substituents, into, out of or within a cell, or between cells, by means of some agent such as a transporter or pore."
"salmon",146,112,2,0.000413218408770318,1,2,0.0178571428571429,0.666666666666667,3,"GO:0032486","BP","Rap protein signal transduction","A series of molecular signals within the cell that are mediated by a member of the Rap family of proteins switching to a GTP-bound active state."
"salmon",146,112,3,0.000661845515549348,1,3,0.0267857142857143,0.2,15,"GO:0015807","BP","L-amino acid transport","The directed movement of L-enantiomer amino acids into, out of or within a cell, or between cells, by means of some agent such as a transporter or pore."
"salmon",146,112,4,0.00082003743264385,1,2,0.0178571428571429,0.5,4,"GO:0015809","BP","arginine transport","The directed movement of arginine, 2-amino-5-guanidinopentanoic acid, into, out of or within a cell, or between cells, by means of some agent such as a transporter or pore."
"salmon",146,112,5,0.00082003743264385,1,2,0.0178571428571429,0.5,4,"GO:1903352","BP","L-ornithine transmembrane transport",NA
"salmon",146,112,6,0.00082003743264385,1,2,0.0178571428571429,0.5,4,"GO:0000064","MF","L-ornithine transmembrane transporter activity","Enables the transfer of L-ornithine from one side of a membrane to the other. L-ornithine is 2,5-diaminopentanoic acid."
"salmon",146,112,7,0.00082003743264385,1,2,0.0178571428571429,0.5,4,"GO:0015174","MF","basic amino acid transmembrane transporter activity","Enables the transfer of basic amino acids from one side of a membrane to the other. Basic amino acids have a pH above 7."
"salmon",146,112,8,0.00096607934929667,1,8,0.0714285714285714,0.0465116279069767,172,"GO:0043161","BP","proteasome-mediated ubiquitin-dependent protein catabolic process","The chemical reactions and pathways resulting in the breakdown of a protein or peptide by hydrolysis of its peptide bonds, initiated by the covalent attachment of ubiquitin, and mediated by the proteasome."
"salmon",146,112,9,0.00129526798647964,1,8,0.0714285714285714,0.0444444444444444,180,"GO:0010498","BP","proteasomal protein catabolic process","The chemical reactions and pathways resulting in the breakdown of a protein or peptide by hydrolysis of its peptide bonds that is mediated by the proteasome."
"salmon",146,112,10,0.0015883251553254,1,3,0.0267857142857143,0.15,20,"GO:0015179","MF","L-amino acid transmembrane transporter activity","Enables the transfer of an L-amino acid from one side of a membrane to the other. L-amino acids are the L-enantiomers of amino acids."
"skyblue",50,48,1,0.00189603914612754,1,2,0.0416666666666667,0.153846153846154,13,"GO:0032266","MF","phosphatidylinositol-3-phosphate binding","Interacting selectively and non-covalently with phosphatidylinositol-3-phosphate, a derivative of phosphatidylinositol in which the inositol ring is phosphorylated at the 3' position."
"skyblue",50,48,2,0.00326343888212039,1,2,0.0416666666666667,0.117647058823529,17,"GO:0005283","MF","amino acid:sodium symporter activity","Enables the transfer of a solute or solutes from one side of a membrane to the other according to the reaction: amino acid(out) + Na+(out) = amino acid(in) + Na+(in)."
"skyblue",50,48,3,0.00365952863396424,1,2,0.0416666666666667,0.111111111111111,18,"GO:0005416","MF","amino acid:cation symporter activity","Enables the transfer of a solute or solutes from one side of a membrane to the other according to the reaction: amino acid(out) + cation(out) = amino acid(in) + cation(in)."
"skyblue",50,48,4,0.00451526266772071,1,2,0.0416666666666667,0.1,20,"GO:0090306","BP","spindle assembly involved in meiosis","The aggregation, arrangement and bonding together of a set of components to form the spindle that contributes to the process of meiosis."
"skyblue",50,48,5,0.00507185122569787,1,1,0.0208333333333333,1,1,"GO:0034709","CC","methylosome","A large (20 S) protein complex that possesses protein arginine methyltransferase activity and modifies specific arginines to dimethylarginines in the arginine- and glycine-rich domains of several spliceosomal Sm proteins, thereby targeting these proteins to the survival of motor neurons (SMN) complex for assembly into small nuclear ribonucleoprotein (snRNP) core particles. Proteins found in the methylosome include the methyltransferase JBP1 (PRMT5), pICln (CLNS1A), MEP50 (WDR77), and unmethylated forms of SM proteins that have RG domains."
"skyblue",50,48,6,0.00507185122569787,1,1,0.0208333333333333,1,1,"GO:0034648","MF","histone demethylase activity (H3-dimethyl-K4 specific)","Catalysis of the removal of a methyl group from dimethylated lysine at position 4 of the histone H3 protein."
"skyblue",50,48,7,0.00545429955519305,1,2,0.0416666666666667,0.0909090909090909,22,"GO:0051310","BP","metaphase plate congression","The alignment of chromosomes at the metaphase plate (spindle equator), a plane halfway between the poles of the spindle."
"skyblue",50,48,8,0.00647493730733592,1,2,0.0416666666666667,0.0833333333333333,24,"GO:1900073","BP","regulation of neuromuscular synaptic transmission",NA
"skyblue",50,48,9,0.00647493730733592,1,2,0.0416666666666667,0.0833333333333333,24,"GO:0005328","MF","neurotransmitter:sodium symporter activity","Enables the transfer of a solute or solutes from one side of a membrane to the other according to the reaction: neurotransmitter(out) + Na+(out) = neurotransmitter(in) + Na+(in)."
"skyblue",50,48,10,0.00701533139114975,1,2,0.0416666666666667,0.08,25,"GO:0051303","BP","establishment of chromosome localization","The directed movement of a chromosome to a specific location."
"steelblue",41,33,1,0.00348689771766708,1,1,0.0303030303030303,1,1,"GO:0015724","BP","formate transport","The directed movement of formate into, out of or within a cell, or between cells, by means of some agent such as a transporter or pore."
"steelblue",41,33,2,0.00348689771766708,1,1,0.0303030303030303,1,1,"GO:0019532","BP","oxalate transport","The directed movement of oxalate into, out of or within a cell, or between cells, by means of some agent such as a transporter or pore. Oxalate, or ethanedioic acid, occurs in many plants and is highly toxic to animals."
"steelblue",41,33,3,0.00348689771766708,1,1,0.0303030303030303,1,1,"GO:0045804","BP","negative regulation of eclosion","Any process that stops, prevents, or reduces the frequency, rate or extent of eclosion."
"steelblue",41,33,4,0.00348689771766708,1,1,0.0303030303030303,1,1,"GO:0060100","BP","positive regulation of phagocytosis, engulfment","Any process that activates or increases the frequency, rate or extent of the internalization of bacteria, immune complexes and other particulate matter or of an apoptotic cell by phagocytosis."
"steelblue",41,33,5,0.00348689771766708,1,1,0.0303030303030303,1,1,"GO:0070935","BP","3'-UTR-mediated mRNA stabilization","An mRNA stabilization process in which one or more RNA-binding proteins associate with the 3'-untranslated region (UTR) of an mRNA."
"steelblue",41,33,6,0.00348689771766708,1,1,0.0303030303030303,1,1,"GO:2000767","BP","positive regulation of cytoplasmic translation","Any process that activates or increases the frequency, rate or extent of cytoplasmic translation."
"steelblue",41,33,7,0.00348689771766708,1,1,0.0303030303030303,1,1,"GO:0015499","MF","formate transmembrane transporter activity","Enables the transfer of formate from one side of a membrane to the other. Formate is also known as methanoate, the anion HCOO- derived from methanoic (formic) acid."
"steelblue",41,33,8,0.00348689771766708,1,1,0.0303030303030303,1,1,"GO:0019531","MF","oxalate transmembrane transporter activity","Enables the transfer of oxalate from one side of a membrane to the other. Oxalate, or ethanedioic acid, occurs in many plants and is highly toxic to animals."
"steelblue",41,33,9,0.00348689771766708,1,1,0.0303030303030303,1,1,"GO:0030616","MF","transforming growth factor beta receptor, common-partner cytoplasmic mediator activity","A TGF-beta cytoplasmic mediator that forms a complex with a phosphorylated pathway-specific mediator. The heterocomplex translocates to the nucleus to regulate transcription."
"steelblue",41,33,10,0.00348689771766708,1,1,0.0303030303030303,1,1,"GO:1990605","MF","GU repeat RNA binding","Interacting selectively and non-covalently with an RNA molecule containing GU repeats."
"tan",146,123,1,9.05440994005033e-05,0.759031185274419,4,0.032520325203252,0.210526315789474,19,"GO:0030136","CC","clathrin-coated vesicle","A vesicle with a coat formed of clathrin connected to the membrane via one of the clathrin adaptor complexes."
"tan",146,123,2,0.00014930159339833,1,13,0.105691056910569,0.0429042904290429,303,"GO:0031410","CC","cytoplasmic vesicle","A vesicle found in the cytoplasm of a cell."
"tan",146,123,3,0.000338782819919084,1,5,0.040650406504065,0.106382978723404,47,"GO:0030135","CC","coated vesicle","Small membrane-bounded organelle formed by pinching off of a coated region of membrane. Some coats are made of clathrin, whereas others are made from other proteins."
"tan",146,123,4,0.00045813888744775,1,13,0.105691056910569,0.0382352941176471,340,"GO:0031982","CC","vesicle","Any small, fluid-filled, spherical organelle enclosed by membrane."
"tan",146,123,5,0.000498384180644562,1,2,0.016260162601626,0.666666666666667,3,"GO:0006573","BP","valine metabolic process","The chemical reactions and pathways involving valine, 2-amino-3-methylbutanoic acid."
"tan",146,123,6,0.000498384180644562,1,2,0.016260162601626,0.666666666666667,3,"GO:0019835","BP","cytolysis","The rupture of cell membranes and the loss of cytoplasm."
"tan",146,123,7,0.00163311740273208,1,2,0.016260162601626,0.4,5,"GO:0047617","MF","acyl-CoA hydrolase activity","Catalysis of the reaction: acyl-CoA + H2O = CoA + a carboxylate."
"tan",146,123,8,0.00445723050530897,1,2,0.016260162601626,0.25,8,"GO:0030131","CC","clathrin adaptor complex","A membrane coat adaptor complex that links clathrin to a membrane."
"tan",146,123,9,0.00454618600189752,1,4,0.032520325203252,0.0769230769230769,52,"GO:0008565","MF","protein transporter activity","Enables the directed movement of proteins into, out of or within a cell, or between cells."
"tan",146,123,10,0.0056821621788548,1,2,0.016260162601626,0.222222222222222,9,"GO:0035567","BP","non-canonical Wnt signaling pathway","The series of molecular signals initiated by binding of a Wnt protein to a frizzled family receptor on the surface of the target cell, followed by propagation of the signal via effectors other than beta-catenin."
"turquoise",3050,2500,1,0.000374182792433545,1,87,0.0348,0.364016736401674,239,"GO:0045202","CC","synapse","The junction between a nerve fiber of one neuron and another neuron, muscle fiber or glial cell. As the nerve fiber approaches the synapse it enlarges into a specialized structure, the presynaptic nerve ending, which contains mitochondria and synaptic vesicles. At the tip of the nerve ending is the presynaptic membrane; facing it, and separated from it by a minute cleft (the synaptic cleft) is a specialized area of membrane on the receiving cell, known as the postsynaptic membrane. In response to the arrival of nerve impulses, the presynaptic nerve ending secretes molecules of neurotransmitters into the synaptic cleft. These diffuse across the cleft and transmit the signal to the postsynaptic membrane."
"turquoise",3050,2500,2,0.00139527089790328,1,49,0.0196,0.388888888888889,126,"GO:0098793","CC","presynapse","The part of a synapse that is part of the presynaptic cell."
"turquoise",3050,2500,3,0.00190332723267322,1,7,0.0028,0.777777777777778,9,"GO:0004683","MF","calmodulin-dependent protein kinase activity","Catalysis of the reactions: ATP + a protein serine = ADP + protein serine phosphate; and ATP + a protein threonine = ADP + protein threonine phosphate. These reactions require the presence of calcium-bound calmodulin."
"turquoise",3050,2500,4,0.00247759144666886,1,26,0.0104,0.440677966101695,59,"GO:0097060","CC","synaptic membrane","A specialized area of membrane on either the presynaptic or the postsynaptic side of a synapse, the junction between a nerve fiber of one neuron and another neuron or muscle fiber or glial cell."
"turquoise",3050,2500,5,0.00403040585043255,1,8,0.0032,0.666666666666667,12,"GO:0007305","BP","vitelline membrane formation involved in chorion-containing eggshell formation","Construction of the vitelline membrane portion of a chorion-containing eggshell. An example of this is found in Drosophila melanogaster."
"turquoise",3050,2500,6,0.00560941258631323,1,27,0.0108,0.415384615384615,65,"GO:0043679","CC","axon terminus","Terminal inflated portion of the axon, containing the specialized apparatus necessary to release neurotransmitters. The axon terminus is considered to be the whole region of thickening and the terminal button is a specialized region of it."
"turquoise",3050,2500,7,0.00582334897167927,1,220,0.088,0.305131761442441,721,"GO:0006508","BP","proteolysis","The hydrolysis of proteins into smaller polypeptides and/or amino acids by cleavage of their peptide bonds."
"turquoise",3050,2500,8,0.00615549790313895,1,18,0.0072,0.461538461538462,39,"GO:0005179","MF","hormone activity","The action characteristic of a hormone, any substance formed in very small amounts in one specialized organ or group of cells and carried (sometimes in the bloodstream) to another organ or group of cells in the same organism, upon which it has a specific regulatory action. The term was originally applied to agents with a stimulatory physiological action in vertebrate animals (as opposed to a chalone, which has a depressant action). Usage is now extended to regulatory compounds in lower animals and plants, and to synthetic substances having comparable effects; all bind receptors and trigger some biological process."
"turquoise",3050,2500,9,0.0061757560353895,1,11,0.0044,0.55,20,"GO:0019905","MF","syntaxin binding","Interacting selectively and non-covalently with a syntaxin, a SNAP receptor involved in the docking of synaptic vesicles at the presynaptic zone of a synapse."
"turquoise",3050,2500,10,0.0062071800089946,1,9,0.0036,0.6,15,"GO:0085029","BP","extracellular matrix assembly","The aggregation, arrangement and bonding together of the extracellular matrix."
"white",51,38,1,0.00205543577045295,1,2,0.0526315789473684,0.117647058823529,17,"GO:0008362","BP","chitin-based embryonic cuticle biosynthetic process","Synthesis, including the chemical reactions and pathways resulting in the formation of chitin and other components, and deposition of a chitin-based embryonic cuticle by the underlying epidermal epithelium. This tough, waterproof cuticle layer is essential to provide structural integrity of the larval body. An example of this is found in Drosophila melanogaster."
"white",51,38,2,0.002571363111715,1,2,0.0526315789473684,0.105263157894737,19,"GO:0018024","MF","histone-lysine N-methyltransferase activity","Catalysis of the reaction: S-adenosyl-L-methionine + histone L-lysine = S-adenosyl-L-homocysteine + histone N6-methyl-L-lysine. The methylation of peptidyl-lysine in histones forms N6-methyl-L-lysine, N6,N6-dimethyl-L-lysine and N6,N6,N6-trimethyl-L-lysine derivatives."
"white",51,38,3,0.00376613285960827,1,2,0.0526315789473684,0.0869565217391304,23,"GO:0016279","MF","protein-lysine N-methyltransferase activity","Catalysis of the transfer of a methyl group from S-adenosyl-L-methionine to the epsilon-amino group of a lysine residue in a protein substrate."
"white",51,38,4,0.00401521555367701,1,1,0.0263157894736842,1,1,"GO:0010226","BP","response to lithium ion","Any process that results in a change in state or activity of a cell or an organism (in terms of movement, secretion, enzyme production, gene expression, etc.) as a result of a lithium (Li+) ion stimulus."
"white",51,38,5,0.00401521555367701,1,1,0.0263157894736842,1,1,"GO:0030948","BP","negative regulation of vascular endothelial growth factor receptor signaling pathway","Any process that stops, prevents, or reduces the frequency, rate or extent of vascular endothelial growth factor receptor signaling pathway activity."
"white",51,38,6,0.00401521555367701,1,1,0.0263157894736842,1,1,"GO:0000806","CC","Y chromosome","The sex chromosome present in males of species in which the male is the heterogametic sex; generally, the sex chromosome that pairs with the X chromosome in the heterogametic sex. The Y chromosome is absent from the cells of females and present in one copy in the somatic cells of males."
"white",51,38,7,0.00401521555367701,1,1,0.0263157894736842,1,1,"GO:0042767","MF","ecdysteroid 22-hydroxylase activity","Catalysis of the hydroxylation of an ecdysteroid at carbon position 22."
"white",51,38,8,0.00401521555367701,1,1,0.0263157894736842,1,1,"GO:0071567","MF","UFM1 hydrolase activity","Catalysis of the hydrolysis of UFM1, a small ubiquitin-related modifier, from previously modified substrates."
"white",51,38,9,0.00517242689480213,1,2,0.0526315789473684,0.0740740740740741,27,"GO:0071456","BP","cellular response to hypoxia","Any process that results in a change in state or activity of a cell (in terms of movement, secretion, enzyme production, gene expression, etc.) as a result of a stimulus indicating lowered oxygen tension. Hypoxia, defined as a decline in O2 levels below normoxic levels of 20.8 - 20.95%, results in metabolic adaptation at both the cellular and organismal level."
"white",51,38,10,0.00555626246903586,1,2,0.0526315789473684,0.0714285714285714,28,"GO:0042054","MF","histone methyltransferase activity","Catalysis of the reaction: S-adenosyl-L-methionine + histone = S-adenosyl-L-homocysteine + methyl-histone. Histone methylation generally occurs on either an arginine or lysine residue."
